--
-- PostgreSQL database dump
--

-- Dumped from database version 16.8
-- Dumped by pg_dump version 16.8

SET statement_timeout = 0;
SET lock_timeout = 0;
SET idle_in_transaction_session_timeout = 0;
SET client_encoding = 'UTF8';
SET standard_conforming_strings = on;
SELECT pg_catalog.set_config('search_path', '', false);
SET check_function_bodies = false;
SET xmloption = content;
SET client_min_messages = warning;
SET row_security = off;

ALTER TABLE IF EXISTS ONLY public.users DROP CONSTRAINT IF EXISTS users_companies_id_fk;
ALTER TABLE IF EXISTS ONLY public.tickets DROP CONSTRAINT IF EXISTS tickets_users_id_fk;
ALTER TABLE IF EXISTS ONLY public.tickets DROP CONSTRAINT IF EXISTS tickets_subcategories_id_fk;
ALTER TABLE IF EXISTS ONLY public.tickets DROP CONSTRAINT IF EXISTS tickets_companies_id_fk;
ALTER TABLE IF EXISTS ONLY public.tickets DROP CONSTRAINT IF EXISTS tickets_categories_id_fk;
ALTER TABLE IF EXISTS ONLY public.ticket_access_links DROP CONSTRAINT IF EXISTS ticket_access_links_tickets_id_fk;
ALTER TABLE IF EXISTS ONLY public.subcategories DROP CONSTRAINT IF EXISTS subcategories_categories_id_fk;
ALTER TABLE IF EXISTS ONLY public.reset_token DROP CONSTRAINT IF EXISTS reset_token_users_id_fk;
ALTER TABLE IF EXISTS ONLY public.messages DROP CONSTRAINT IF EXISTS messages_users_id_fk;
ALTER TABLE IF EXISTS ONLY public.messages DROP CONSTRAINT IF EXISTS messages_tickets_id_fk;
ALTER TABLE IF EXISTS ONLY public.feedback DROP CONSTRAINT IF EXISTS feedback_users_id_fk_2;
ALTER TABLE IF EXISTS ONLY public.feedback DROP CONSTRAINT IF EXISTS feedback_users_id_fk;
ALTER TABLE IF EXISTS ONLY public.feedback DROP CONSTRAINT IF EXISTS feedback_tickets_id_fk;
ALTER TABLE IF EXISTS ONLY public.categories DROP CONSTRAINT IF EXISTS categories_companies_id_fk;
ALTER TABLE IF EXISTS ONLY public.users DROP CONSTRAINT IF EXISTS users_pk_2;
ALTER TABLE IF EXISTS ONLY public.users DROP CONSTRAINT IF EXISTS users_pk;
ALTER TABLE IF EXISTS ONLY public.tickets DROP CONSTRAINT IF EXISTS tickets_pk;
ALTER TABLE IF EXISTS ONLY public.ticket_access_links DROP CONSTRAINT IF EXISTS ticket_access_links_pk_2;
ALTER TABLE IF EXISTS ONLY public.ticket_access_links DROP CONSTRAINT IF EXISTS ticket_access_links_pk;
ALTER TABLE IF EXISTS ONLY public.subcategories DROP CONSTRAINT IF EXISTS subcategories_pk;
ALTER TABLE IF EXISTS ONLY public.messages DROP CONSTRAINT IF EXISTS messages_pk;
ALTER TABLE IF EXISTS ONLY public.feedback DROP CONSTRAINT IF EXISTS feedback_pk;
ALTER TABLE IF EXISTS ONLY public.companies DROP CONSTRAINT IF EXISTS companies_pk;
ALTER TABLE IF EXISTS ONLY public.categories DROP CONSTRAINT IF EXISTS categories_pk;
ALTER TABLE IF EXISTS ONLY public.assigned_categories DROP CONSTRAINT IF EXISTS assigned_categories_pk;
DROP VIEW IF EXISTS public.tickets_view;
DROP TABLE IF EXISTS public.users;
DROP TABLE IF EXISTS public.tickets;
DROP TABLE IF EXISTS public.ticket_access_links;
DROP TABLE IF EXISTS public.subcategories;
DROP TABLE IF EXISTS public.reset_token;
DROP TABLE IF EXISTS public.messages;
DROP TABLE IF EXISTS public.feedback;
DROP TABLE IF EXISTS public.companies;
DROP TABLE IF EXISTS public.categories;
DROP TABLE IF EXISTS public.assigned_categories;
DROP TYPE IF EXISTS public.status;
DROP TYPE IF EXISTS public.role;
--
-- Name: role; Type: TYPE; Schema: public; Owner: postgres
--

CREATE TYPE public.role AS ENUM (
    'customer',
    'support',
    'admin',
    'superadmin'
);


ALTER TYPE public.role OWNER TO postgres;

--
-- Name: status; Type: TYPE; Schema: public; Owner: postgres
--

CREATE TYPE public.status AS ENUM (
    'pending',
    'ongoing',
    'answered',
    'closed'
);


ALTER TYPE public.status OWNER TO postgres;

SET default_tablespace = '';

SET default_table_access_method = heap;

--
-- Name: assigned_categories; Type: TABLE; Schema: public; Owner: postgres
--

CREATE TABLE public.assigned_categories (
    user_id integer NOT NULL,
    category_id integer NOT NULL
);


ALTER TABLE public.assigned_categories OWNER TO postgres;

--
-- Name: categories; Type: TABLE; Schema: public; Owner: postgres
--

CREATE TABLE public.categories (
    id integer NOT NULL,
    name text NOT NULL,
    company_id integer NOT NULL
);


ALTER TABLE public.categories OWNER TO postgres;

--
-- Name: categories_id_seq; Type: SEQUENCE; Schema: public; Owner: postgres
--

ALTER TABLE public.categories ALTER COLUMN id ADD GENERATED BY DEFAULT AS IDENTITY (
    SEQUENCE NAME public.categories_id_seq
    START WITH 1
    INCREMENT BY 1
    NO MINVALUE
    NO MAXVALUE
    CACHE 1
);


--
-- Name: companies; Type: TABLE; Schema: public; Owner: postgres
--

CREATE TABLE public.companies (
    id integer NOT NULL,
    name text NOT NULL
);


ALTER TABLE public.companies OWNER TO postgres;

--
-- Name: companies_id_seq; Type: SEQUENCE; Schema: public; Owner: postgres
--

ALTER TABLE public.companies ALTER COLUMN id ADD GENERATED BY DEFAULT AS IDENTITY (
    SEQUENCE NAME public.companies_id_seq
    START WITH 1
    INCREMENT BY 1
    NO MINVALUE
    NO MAXVALUE
    CACHE 1
);


--
-- Name: feedback; Type: TABLE; Schema: public; Owner: postgres
--

CREATE TABLE public.feedback (
    id integer NOT NULL,
    rating integer NOT NULL,
    comment text NOT NULL,
    written timestamp without time zone DEFAULT CURRENT_TIMESTAMP NOT NULL,
    "from" integer NOT NULL,
    target integer NOT NULL,
    ticket_id integer NOT NULL
);


ALTER TABLE public.feedback OWNER TO postgres;

--
-- Name: feedback_id_seq; Type: SEQUENCE; Schema: public; Owner: postgres
--

ALTER TABLE public.feedback ALTER COLUMN id ADD GENERATED BY DEFAULT AS IDENTITY (
    SEQUENCE NAME public.feedback_id_seq
    START WITH 1
    INCREMENT BY 1
    NO MINVALUE
    NO MAXVALUE
    CACHE 1
);


--
-- Name: messages; Type: TABLE; Schema: public; Owner: postgres
--

CREATE TABLE public.messages (
    id integer NOT NULL,
    title text,
    message text NOT NULL,
    ticket_id integer NOT NULL,
    user_id integer NOT NULL,
    sent timestamp without time zone DEFAULT CURRENT_TIMESTAMP NOT NULL,
    encryption_key text,
    encryption_iv text
);


ALTER TABLE public.messages OWNER TO postgres;

--
-- Name: messages_id_seq; Type: SEQUENCE; Schema: public; Owner: postgres
--

ALTER TABLE public.messages ALTER COLUMN id ADD GENERATED BY DEFAULT AS IDENTITY (
    SEQUENCE NAME public.messages_id_seq
    START WITH 1
    INCREMENT BY 1
    NO MINVALUE
    NO MAXVALUE
    CACHE 1
);


--
-- Name: reset_token; Type: TABLE; Schema: public; Owner: postgres
--

CREATE TABLE public.reset_token (
    user_id integer NOT NULL,
    token text
);


ALTER TABLE public.reset_token OWNER TO postgres;

--
-- Name: subcategories; Type: TABLE; Schema: public; Owner: postgres
--

CREATE TABLE public.subcategories (
    id integer NOT NULL,
    name text NOT NULL,
    main_category_id integer NOT NULL
);


ALTER TABLE public.subcategories OWNER TO postgres;

--
-- Name: subcategories_id_seq; Type: SEQUENCE; Schema: public; Owner: postgres
--

ALTER TABLE public.subcategories ALTER COLUMN id ADD GENERATED BY DEFAULT AS IDENTITY (
    SEQUENCE NAME public.subcategories_id_seq
    START WITH 1
    INCREMENT BY 1
    NO MINVALUE
    NO MAXVALUE
    CACHE 1
);


--
-- Name: ticket_access_links; Type: TABLE; Schema: public; Owner: postgres
--

CREATE TABLE public.ticket_access_links (
    id integer NOT NULL,
    access_link text NOT NULL,
    ticket_id integer NOT NULL
);


ALTER TABLE public.ticket_access_links OWNER TO postgres;

--
-- Name: ticket_access_links_id_seq; Type: SEQUENCE; Schema: public; Owner: postgres
--

ALTER TABLE public.ticket_access_links ALTER COLUMN id ADD GENERATED BY DEFAULT AS IDENTITY (
    SEQUENCE NAME public.ticket_access_links_id_seq
    START WITH 1
    INCREMENT BY 1
    NO MINVALUE
    NO MAXVALUE
    CACHE 1
);


--
-- Name: tickets; Type: TABLE; Schema: public; Owner: postgres
--

CREATE TABLE public.tickets (
    id integer NOT NULL,
    title text NOT NULL,
    status public.status DEFAULT 'pending'::public.status NOT NULL,
    subcategory_id integer NOT NULL,
    posted timestamp without time zone DEFAULT CURRENT_TIMESTAMP NOT NULL,
    closed timestamp without time zone,
    user_id integer NOT NULL,
    company_id integer NOT NULL,
    elevated boolean DEFAULT false NOT NULL,
    category_id integer NOT NULL
);


ALTER TABLE public.tickets OWNER TO postgres;

--
-- Name: tickets_id_seq; Type: SEQUENCE; Schema: public; Owner: postgres
--

ALTER TABLE public.tickets ALTER COLUMN id ADD GENERATED BY DEFAULT AS IDENTITY (
    SEQUENCE NAME public.tickets_id_seq
    START WITH 1
    INCREMENT BY 1
    NO MINVALUE
    NO MAXVALUE
    CACHE 1
);


--
-- Name: users; Type: TABLE; Schema: public; Owner: postgres
--

CREATE TABLE public.users (
    id integer NOT NULL,
    company_id integer NOT NULL,
    role public.role DEFAULT 'customer'::public.role NOT NULL,
    email text NOT NULL,
    verified boolean DEFAULT false NOT NULL,
    password text,
    active boolean DEFAULT true NOT NULL
);


ALTER TABLE public.users OWNER TO postgres;

--
-- Name: tickets_view; Type: VIEW; Schema: public; Owner: postgres
--

CREATE VIEW public.tickets_view AS
 SELECT tickets.id,
    tickets.title,
    tickets.status,
    tickets.category_id,
    tickets.subcategory_id,
    tickets.posted,
    tickets.closed,
    tickets.user_id,
    tickets.company_id,
    tickets.elevated,
    categories.name AS main_category,
    subcategories.name AS sub_category,
    users.role,
    users.email,
    users.verified,
    users.active
   FROM (((public.tickets
     JOIN public.categories ON ((tickets.category_id = categories.id)))
     JOIN public.subcategories ON ((tickets.subcategory_id = subcategories.id)))
     JOIN public.users ON ((tickets.user_id = users.id)));


ALTER VIEW public.tickets_view OWNER TO postgres;

--
-- Name: users_id_seq; Type: SEQUENCE; Schema: public; Owner: postgres
--

ALTER TABLE public.users ALTER COLUMN id ADD GENERATED BY DEFAULT AS IDENTITY (
    SEQUENCE NAME public.users_id_seq
    START WITH 1
    INCREMENT BY 1
    NO MINVALUE
    NO MAXVALUE
    CACHE 1
);


--
-- Data for Name: assigned_categories; Type: TABLE DATA; Schema: public; Owner: postgres
--

COPY public.assigned_categories (user_id, category_id) FROM stdin;
5	1
6	4
6	1
15	2
\.


--
-- Data for Name: categories; Type: TABLE DATA; Schema: public; Owner: postgres
--

COPY public.categories (id, name, company_id) FROM stdin;
1	billing	1
2	assembly	1
3	billing	4
4	tech	4
5	test1	1
6	test2	1
7	test3	1
8	test1	4
9	mikromjuktest	4
10	testing refactored	1
11	tet	1
\.


--
-- Data for Name: companies; Type: TABLE DATA; Schema: public; Owner: postgres
--

COPY public.companies (id, name) FROM stdin;
1	ikea
2	doofenshmirtz
3	ånga
4	micromjuk kant
\.


--
-- Data for Name: feedback; Type: TABLE DATA; Schema: public; Owner: postgres
--

COPY public.feedback (id, rating, comment, written, "from", target, ticket_id) FROM stdin;
\.


--
-- Data for Name: messages; Type: TABLE DATA; Schema: public; Owner: postgres
--

COPY public.messages (id, title, message, ticket_id, user_id, sent, encryption_key, encryption_iv) FROM stdin;
1	messagetitle1	text	1	8	2025-03-03 11:31:37.699736	\N	\N
2	messagetitle2	text	2	7	2025-03-03 11:31:37.699736	\N	\N
4	rdrd	drhdhr	4	7	2025-03-03 14:00:49.617485	\N	\N
5	awdwad	awdwadawdawd	1	5	2025-03-03 14:11:58.013417	\N	\N
6	er	we	5	8	2025-03-10 13:53:24.903409	\N	\N
7	errr	we	6	8	2025-03-10 13:55:13.236567	\N	\N
8	errr3414	we	20	8	2025-03-10 15:37:28.380692	\N	\N
9	errr3414	we	21	8	2025-03-10 15:39:55.383875	\N	\N
10	tetstast	we	22	8	2025-03-10 15:41:05.167948	\N	\N
11	tetstast	we	23	8	2025-03-10 15:41:54.89468	\N	\N
12	tetstastgsdd	we	24	8	2025-03-10 16:10:51.67051	\N	\N
13	tetstastgsdd	we	25	8	2025-03-10 16:11:48.073887	\N	\N
14	tetstastgsdd	we	26	8	2025-03-10 16:11:54.363508	\N	\N
15	tetstastgsdd	we	27	8	2025-03-10 16:15:38.121248	\N	\N
16	test create	testing create ticket with link	30	10	2025-03-12 11:04:55.399105	\N	\N
17	tetsd	teatse	31	11	2025-03-12 11:05:55.915848	\N	\N
18	tetsd	teatse	32	11	2025-03-12 11:07:09.724297	\N	\N
21	test	test	35	8	2025-03-12 15:48:06.456847	\N	\N
22	t	F5/ILSetvzF9h5tKO3Z1PA==	7	5	2025-03-12 16:10:06.056305	cCwSFNK+/JoNUtupzrxPuQ==	Xz6hkElcp+ZQJWBKPke/xQ==
23	test	test	36	8	2025-03-12 16:15:54.189509	\N	\N
24	test	test	37	8	2025-03-12 16:21:12.523835	\N	\N
25	closing ticket	UIJrSAT4nGnPug6Uc8KNzQ==	37	5	2025-03-12 16:21:46.309184	SLTrh0PJTtPsqPBiRn379g==	S0jSgMV8ttCuWBkQTFTPwg==
26	test add	test	38	8	2025-03-12 17:42:44.15546	\N	\N
27	REview test	Text	39	16	2025-03-13 10:17:27.730663	\N	\N
28	te	WxTu8I8leE/NhXjY7Owm1Q==	39	16	2025-03-13 10:24:31.994391	TKjNao6J178+06TV8cdHbw==	n3K4u8/1jmTYrvQB/50UPQ==
29	test	Va2gYVXBPZAxSBwqz/oRHw==	39	16	2025-03-13 10:25:18.091697	KaJ0MJJLJGdaLMZ4Q6mhSQ==	IqkVUm5QqyMHHujXGXAG9w==
30	test	test	40	17	2025-03-13 11:23:51.274726	\N	\N
31	test	test	41	17	2025-03-13 11:28:47.956538	\N	\N
32	test	test	42	17	2025-03-13 11:29:23.8004	\N	\N
33	test	tst	43	18	2025-03-13 11:29:53.239211	\N	\N
34	test	tst	44	18	2025-03-13 11:31:03.869589	\N	\N
35	test	tst	45	18	2025-03-13 11:31:39.534626	\N	\N
37	test	test	47	19	2025-03-13 11:33:40.420228	\N	\N
38	test	test	48	19	2025-03-13 11:37:31.286299	\N	\N
39	test	OgwK7Bb51Qo/4NSL4h2RLg==	48	19	2025-03-13 11:40:13.475767	Hm0pXdc5zygYOIhe225gSw==	XWo3iziXazCn9vNOOTm6sQ==
40	testtet	ZK5WgNU0Nl2jnQHeyFyLEQ==	48	19	2025-03-13 11:40:38.840235	7Zux0mblaAv92yENT+2Big==	EY2DIIcxun/NXOUDFU9yjw==
41	tes	test	49	20	2025-03-13 11:41:08.843846	\N	\N
42	eeeee	nJ/t0m3vMKQi5n5FuuFoOQ==	30	5	2025-03-14 10:46:34.966102	9+nfNgOuMyFhSdSypuUvFw==	ky/YXEiyUCZWEocCoCLQEw==
\.


--
-- Data for Name: reset_token; Type: TABLE DATA; Schema: public; Owner: postgres
--

COPY public.reset_token (user_id, token) FROM stdin;
\.


--
-- Data for Name: subcategories; Type: TABLE DATA; Schema: public; Owner: postgres
--

COPY public.subcategories (id, name, main_category_id) FROM stdin;
1	refund	1
2	payment	1
3	instructions	2
4	delivery	2
5	refund	3
6	payment	3
7	account	4
8	software	4
9	subtest1	5
10	subtest2	5
11	subtest3	6
12	subtest4	6
13	subtest5	7
14	subtest6	7
15	test1	8
16	mikromjuk test	9
\.


--
-- Data for Name: ticket_access_links; Type: TABLE DATA; Schema: public; Owner: postgres
--

COPY public.ticket_access_links (id, access_link, ticket_id) FROM stdin;
455352	jlbIVq8lIjmkTq1Z6sRmzunw0x0	27
455356	Ub39hZl2J3ascdSi0ebXGyAyyOY	30
455359	b2WRGDQNx68lLrNGQJzA/DPa0BE	31
455360	joCY7bKYviwVcqnw4Nmj4YLk9wI	32
455361	P9UmNPSGLtEhhD+XAaZS00mdFGA	39
455363	1nzwnJkbfsBIlLZx9DKtXzkH8n8	41
455364	HSaHDs859Bo2blzEgUr2zRyujSg	42
455365	PW4+cMRZXroD5Ey7rH+eQNjGQ6U	43
455366	tx9sNBqKO3g3GFd+uVFFklLKKsc	44
455367	TMLaGkfVmIKWYjp1eBzFAVMIgl4	45
455368	UaNxo4XePNuJRyHxVAdhJhKxZvc	47
455369	KKm+2L3kCoAjgE0iv4WoJFvjTWo	48
455370	N2VZmoDYTeDOKsPPcT5MTqsCCQo	49
\.


--
-- Data for Name: tickets; Type: TABLE DATA; Schema: public; Owner: postgres
--

COPY public.tickets (id, title, status, subcategory_id, posted, closed, user_id, company_id, elevated, category_id) FROM stdin;
1	test1	pending	2	2025-03-03 10:46:41.665726	\N	8	1	f	1
2	test2	pending	8	2025-03-03 10:46:41.665726	\N	7	4	f	4
4	rdrd	pending	8	2025-03-03 14:00:49.617485	\N	7	4	f	4
5	er	pending	1	2025-03-10 13:53:24.903409	\N	8	1	f	1
6	errr	pending	1	2025-03-10 13:55:13.236567	\N	8	1	f	1
8	errr	pending	1	2025-03-10 14:06:17.652097	\N	8	1	f	1
9	errr	pending	1	2025-03-10 14:06:23.296001	\N	8	1	f	1
10	errr	pending	1	2025-03-10 14:06:23.297934	\N	8	1	f	1
11	errr3414	pending	1	2025-03-10 14:06:36.347911	\N	8	1	f	1
12	errr3414	pending	1	2025-03-10 14:06:36.348813	\N	8	1	f	1
13	errr3414	pending	1	2025-03-10 14:07:07.644652	\N	8	1	f	1
14	errr3414	pending	1	2025-03-10 14:07:07.645989	\N	8	1	f	1
15	errr3414	pending	1	2025-03-10 15:34:41.251701	\N	8	1	f	1
16	errr3414	pending	1	2025-03-10 15:34:41.255725	\N	8	1	f	1
17	test tilet	pending	1	2025-03-10 14:36:47.479363	\N	8	1	f	1
18	errr3414	pending	1	2025-03-10 15:37:06.097668	\N	8	1	f	1
19	errr3414	pending	1	2025-03-10 15:37:06.099335	\N	8	1	f	1
20	errr3414	pending	1	2025-03-10 15:37:28.379173	\N	8	1	f	1
21	errr3414	pending	1	2025-03-10 15:39:55.380441	\N	8	1	f	1
22	tetstast	pending	1	2025-03-10 15:41:05.166413	\N	8	1	f	1
23	tetstast	pending	1	2025-03-10 15:41:54.893337	\N	8	1	f	1
24	tetstastgsdd	pending	1	2025-03-10 16:10:51.66656	\N	8	1	f	1
25	tetstastgsdd	pending	1	2025-03-10 16:11:48.072555	\N	8	1	f	1
26	tetstastgsdd	pending	1	2025-03-10 16:11:54.359819	\N	8	1	f	1
27	tetstastgsdd	pending	1	2025-03-10 16:15:38.100267	\N	8	1	f	1
31	tetsd	pending	8	2025-03-12 11:05:55.914477	\N	11	4	f	4
32	tetsd	pending	8	2025-03-12 11:07:09.723374	\N	11	4	f	4
35	test	pending	3	2025-03-12 15:48:06.456847	\N	8	1	f	2
7	errr	closed	1	2025-03-10 14:06:17.629506	2025-03-12 16:14:46.028491	8	1	f	1
36	test	pending	2	2025-03-12 16:15:54.189509	\N	8	1	f	1
37	test	closed	2	2025-03-12 16:21:12.523835	2025-03-12 16:21:46.297214	8	1	f	1
38	test add	pending	3	2025-03-12 17:42:44.15546	\N	8	1	f	2
39	REview test	closed	8	2025-03-13 10:17:27.728577	2025-03-13 10:25:18.085268	16	4	f	4
40	test	pending	8	2025-03-13 11:23:51.274726	\N	17	4	f	4
41	test	pending	8	2025-03-13 11:28:47.956538	\N	17	4	f	4
42	test	pending	8	2025-03-13 11:29:23.8004	\N	17	4	f	4
43	test	pending	8	2025-03-13 11:29:53.239211	\N	18	4	f	4
44	test	pending	8	2025-03-13 11:31:03.869589	\N	18	4	f	4
45	test	pending	8	2025-03-13 11:31:39.534626	\N	18	4	f	4
47	test	pending	6	2025-03-13 11:33:40.420228	\N	19	4	f	3
48	test	closed	6	2025-03-13 11:37:31.286299	2025-03-13 11:40:38.835869	19	4	f	3
49	tes	pending	8	2025-03-13 11:41:08.843846	\N	20	4	f	4
30	test create	closed	9	2025-03-12 11:04:55.39386	2025-03-14 10:46:34.951693	10	1	f	5
\.


--
-- Data for Name: users; Type: TABLE DATA; Schema: public; Owner: postgres
--

COPY public.users (id, company_id, role, email, verified, password, active) FROM stdin;
10	1	customer	david@gmail.com	f	\N	t
11	4	customer	123@mail.com	f	\N	t
8	1	customer	test2@gmail.com	f	\N	t
7	4	customer	test@gmail.com	f	\N	t
1	1	admin	ikeaadmin@gmail.com	f	AQAAAAIAAYagAAAAELHuDvskk3ZTi5Xd1NgJJSYBHV6C31v0ItiOu0c1PVOeM8RFli9w+cDJeSuXTTEFZQ==	t
4	4	admin	micromjukkantadmin@gmail.com	f	AQAAAAIAAYagAAAAEJuTMeT7hMZ6kClX0/ycNjkl3RvSrA8f5PGh0ONcJxAT3eVb4AjDAMYpFpD1M4cRbA==	t
2	2	admin	doofenshmirtzadmin@gmail.com	f	AQAAAAIAAYagAAAAEIkOZngCQ4TIxvgURs+u0lt8UeSloUEjjcdVuKMI4u6rI0xiGzyjaqFEJZSPTTT5vg==	t
3	3	admin	angaadmin@gmail.com	f	AQAAAAIAAYagAAAAEIOJ7xNQhNmDRAnhPpfHlvn9CI6eLdGRPrp/tRclnSCx01Ky0zA7fhWQVhKoETjeAQ==	t
6	4	support	micromjuksupport@gmail.com	f	AQAAAAIAAYagAAAAEP65YOb9DWfkeT/tdbKMSzQCBRvWT/gBFsE/2ImHZguZYwJQDJ5RqUruF9OaGRHn4Q==	t
5	1	support	ikeasupport@gmail.com	f	AQAAAAIAAYagAAAAEP7fb+nAHjGU5VF3nAqS5AGNg4erxcdQgPGMTcPRY9vUdpRJIwLTLkW9Zt0d9zDLwQ==	t
12	1	customer	testingaddikea@worker.com	f	AQAAAAIAAYagAAAAED1zfpnlvVT09csx55bOYuVMBn0MkMkz46gERjXd4vdtiNfE4cGpAig/cuiVJ1dMig==	t
13	1	support	testingaddikea2@worker.com	f	AQAAAAIAAYagAAAAEOp6ErGbzJuK3VaX7kUKNW4BGMMxx/Mvo5Cvq7EZbBPx81vMqB04T+zCZ/dvrq0Jaw==	f
9	1	support	testadd@gmail.com	f	AQAAAAIAAYagAAAAEGeJ4wcaMSBp2K5y3IGySOGyPMLaMuwVe+//ktG3XxoOM3PgrLqa4AgLAlVYNrMSiQ==	f
14	1	support	adddddd@worker.com	f	AQAAAAIAAYagAAAAEDlDuNVVjpTHOWDJKElPistvVVDa7G2Jo2tS6yTUELxBjdUDwxA3i6rUgGB8kih8Lg==	f
15	1	support	addfinaltest@test.com	f	AQAAAAIAAYagAAAAEOqrNk0Y0FdyiqPnE1NoxxkmabeRc1DDWKURuGFn86fEcicQTYeNYRLOqC6hdvo6FA==	t
16	4	customer	reviewtest@mai.com	f	\N	t
17	4	customer	mergetest@mai.com	f	\N	t
18	4	customer	tessssst@gmail.com	f	\N	t
19	4	customer	1254553@mail.com	f	\N	t
20	4	customer	124124@mail.com	f	\N	t
21	1	support	dddddd@miakl.com	f	AQAAAAIAAYagAAAAEG4L1jTrvTQxa+oYbJt+W65wy0ozDln7ZGaEOGotUQGLDL3FjWQL04F7CSIgE9vIlQ==	f
22	1	support	kokkokk@gmail.com	f	AQAAAAIAAYagAAAAECkJrkDyaJTZGpNLHwS2jBK2TydQwLxk+hoAQknFav58gv6BjLV/EuATYOWsoKmKEQ==	f
\.


--
-- Name: categories_id_seq; Type: SEQUENCE SET; Schema: public; Owner: postgres
--

SELECT pg_catalog.setval('public.categories_id_seq', 11, true);


--
-- Name: companies_id_seq; Type: SEQUENCE SET; Schema: public; Owner: postgres
--

SELECT pg_catalog.setval('public.companies_id_seq', 4, true);


--
-- Name: feedback_id_seq; Type: SEQUENCE SET; Schema: public; Owner: postgres
--

SELECT pg_catalog.setval('public.feedback_id_seq', 1, false);


--
-- Name: messages_id_seq; Type: SEQUENCE SET; Schema: public; Owner: postgres
--

SELECT pg_catalog.setval('public.messages_id_seq', 42, true);


--
-- Name: subcategories_id_seq; Type: SEQUENCE SET; Schema: public; Owner: postgres
--

SELECT pg_catalog.setval('public.subcategories_id_seq', 16, true);


--
-- Name: ticket_access_links_id_seq; Type: SEQUENCE SET; Schema: public; Owner: postgres
--

SELECT pg_catalog.setval('public.ticket_access_links_id_seq', 455370, true);


--
-- Name: tickets_id_seq; Type: SEQUENCE SET; Schema: public; Owner: postgres
--

SELECT pg_catalog.setval('public.tickets_id_seq', 49, true);


--
-- Name: users_id_seq; Type: SEQUENCE SET; Schema: public; Owner: postgres
--

SELECT pg_catalog.setval('public.users_id_seq', 22, true);


--
-- Name: assigned_categories assigned_categories_pk; Type: CONSTRAINT; Schema: public; Owner: postgres
--

ALTER TABLE ONLY public.assigned_categories
    ADD CONSTRAINT assigned_categories_pk PRIMARY KEY (user_id, category_id);


--
-- Name: categories categories_pk; Type: CONSTRAINT; Schema: public; Owner: postgres
--

ALTER TABLE ONLY public.categories
    ADD CONSTRAINT categories_pk PRIMARY KEY (id);


--
-- Name: companies companies_pk; Type: CONSTRAINT; Schema: public; Owner: postgres
--

ALTER TABLE ONLY public.companies
    ADD CONSTRAINT companies_pk PRIMARY KEY (id);


--
-- Name: feedback feedback_pk; Type: CONSTRAINT; Schema: public; Owner: postgres
--

ALTER TABLE ONLY public.feedback
    ADD CONSTRAINT feedback_pk PRIMARY KEY (id);


--
-- Name: messages messages_pk; Type: CONSTRAINT; Schema: public; Owner: postgres
--

ALTER TABLE ONLY public.messages
    ADD CONSTRAINT messages_pk PRIMARY KEY (id);


--
-- Name: subcategories subcategories_pk; Type: CONSTRAINT; Schema: public; Owner: postgres
--

ALTER TABLE ONLY public.subcategories
    ADD CONSTRAINT subcategories_pk PRIMARY KEY (id);


--
-- Name: ticket_access_links ticket_access_links_pk; Type: CONSTRAINT; Schema: public; Owner: postgres
--

ALTER TABLE ONLY public.ticket_access_links
    ADD CONSTRAINT ticket_access_links_pk PRIMARY KEY (id);


--
-- Name: ticket_access_links ticket_access_links_pk_2; Type: CONSTRAINT; Schema: public; Owner: postgres
--

ALTER TABLE ONLY public.ticket_access_links
    ADD CONSTRAINT ticket_access_links_pk_2 UNIQUE (access_link);


--
-- Name: tickets tickets_pk; Type: CONSTRAINT; Schema: public; Owner: postgres
--

ALTER TABLE ONLY public.tickets
    ADD CONSTRAINT tickets_pk PRIMARY KEY (id);


--
-- Name: users users_pk; Type: CONSTRAINT; Schema: public; Owner: postgres
--

ALTER TABLE ONLY public.users
    ADD CONSTRAINT users_pk PRIMARY KEY (id);


--
-- Name: users users_pk_2; Type: CONSTRAINT; Schema: public; Owner: postgres
--

ALTER TABLE ONLY public.users
    ADD CONSTRAINT users_pk_2 UNIQUE (email);


--
-- Name: categories categories_companies_id_fk; Type: FK CONSTRAINT; Schema: public; Owner: postgres
--

ALTER TABLE ONLY public.categories
    ADD CONSTRAINT categories_companies_id_fk FOREIGN KEY (company_id) REFERENCES public.companies(id);


--
-- Name: feedback feedback_tickets_id_fk; Type: FK CONSTRAINT; Schema: public; Owner: postgres
--

ALTER TABLE ONLY public.feedback
    ADD CONSTRAINT feedback_tickets_id_fk FOREIGN KEY (ticket_id) REFERENCES public.tickets(id);


--
-- Name: feedback feedback_users_id_fk; Type: FK CONSTRAINT; Schema: public; Owner: postgres
--

ALTER TABLE ONLY public.feedback
    ADD CONSTRAINT feedback_users_id_fk FOREIGN KEY (target) REFERENCES public.users(id);


--
-- Name: feedback feedback_users_id_fk_2; Type: FK CONSTRAINT; Schema: public; Owner: postgres
--

ALTER TABLE ONLY public.feedback
    ADD CONSTRAINT feedback_users_id_fk_2 FOREIGN KEY ("from") REFERENCES public.users(id);


--
-- Name: messages messages_tickets_id_fk; Type: FK CONSTRAINT; Schema: public; Owner: postgres
--

ALTER TABLE ONLY public.messages
    ADD CONSTRAINT messages_tickets_id_fk FOREIGN KEY (ticket_id) REFERENCES public.tickets(id);


--
-- Name: messages messages_users_id_fk; Type: FK CONSTRAINT; Schema: public; Owner: postgres
--

ALTER TABLE ONLY public.messages
    ADD CONSTRAINT messages_users_id_fk FOREIGN KEY (user_id) REFERENCES public.users(id);


--
-- Name: reset_token reset_token_users_id_fk; Type: FK CONSTRAINT; Schema: public; Owner: postgres
--

ALTER TABLE ONLY public.reset_token
    ADD CONSTRAINT reset_token_users_id_fk FOREIGN KEY (user_id) REFERENCES public.users(id);


--
-- Name: subcategories subcategories_categories_id_fk; Type: FK CONSTRAINT; Schema: public; Owner: postgres
--

ALTER TABLE ONLY public.subcategories
    ADD CONSTRAINT subcategories_categories_id_fk FOREIGN KEY (main_category_id) REFERENCES public.categories(id);


--
-- Name: ticket_access_links ticket_access_links_tickets_id_fk; Type: FK CONSTRAINT; Schema: public; Owner: postgres
--

ALTER TABLE ONLY public.ticket_access_links
    ADD CONSTRAINT ticket_access_links_tickets_id_fk FOREIGN KEY (ticket_id) REFERENCES public.tickets(id);


--
-- Name: tickets tickets_categories_id_fk; Type: FK CONSTRAINT; Schema: public; Owner: postgres
--

ALTER TABLE ONLY public.tickets
    ADD CONSTRAINT tickets_categories_id_fk FOREIGN KEY (category_id) REFERENCES public.categories(id);


--
-- Name: tickets tickets_companies_id_fk; Type: FK CONSTRAINT; Schema: public; Owner: postgres
--

ALTER TABLE ONLY public.tickets
    ADD CONSTRAINT tickets_companies_id_fk FOREIGN KEY (company_id) REFERENCES public.companies(id);


--
-- Name: tickets tickets_subcategories_id_fk; Type: FK CONSTRAINT; Schema: public; Owner: postgres
--

ALTER TABLE ONLY public.tickets
    ADD CONSTRAINT tickets_subcategories_id_fk FOREIGN KEY (subcategory_id) REFERENCES public.subcategories(id);


--
-- Name: tickets tickets_users_id_fk; Type: FK CONSTRAINT; Schema: public; Owner: postgres
--

ALTER TABLE ONLY public.tickets
    ADD CONSTRAINT tickets_users_id_fk FOREIGN KEY (user_id) REFERENCES public.users(id);


--
-- Name: users users_companies_id_fk; Type: FK CONSTRAINT; Schema: public; Owner: postgres
--

ALTER TABLE ONLY public.users
    ADD CONSTRAINT users_companies_id_fk FOREIGN KEY (company_id) REFERENCES public.companies(id);


--
-- PostgreSQL database dump complete
--

